"","X","SEAMAP","DEPTH","FLUORO","SALINITY","TEMP","CRUISE","depth","pressure","density","ID","strat","storm"
"1",1,"B220",3,0.4479,30.47295,22.86515,"RP1",10.2,3.02151926043428,1020.55542407427,"Q52",0.195021851752927,"Harvey"
"2",2,"B220",3.2,0.417,30.47365,22.8668,"RP1",10.2,3.22295532285984,1020.55636860345,"Q52",0.195021851752927,"Harvey"
"3",3,"B220",3.4,0.3962,30.4736,22.86645,"RP1",10.2,3.42439156593527,1020.55730728134,"Q52",0.195021851752927,"Harvey"
"4",4,"B220",3.6,0.3992,30.4727,22.86485,"RP1",10.2,3.62582798963544,1020.55795378551,"Q52",0.195021851752927,"Harvey"
"5",5,"B220",3.8,0.4342,30.47285,22.8644,"RP1",10.2,3.82726459398547,1020.55907189838,"Q52",0.195021851752927,"Harvey"
"6",6,"B220",4,0.3662,30.47345,22.8659,"RP1",10.2,4.02870137896025,1020.55998286576,"Q52",0.195021851752927,"Harvey"
"7",7,"B220",4.2,0.3892,30.47495,22.87265,"RP1",10.2,4.23013834455978,1020.56010009817,"Q52",0.195021851752927,"Harvey"
"8",8,"B220",4.4,0.4387,30.48075,22.8897,"RP1",10.2,4.43157549080917,1020.56057616704,"Q52",0.195021851752927,"Harvey"
"9",9,"B220",4.6,0.4307,30.4842,22.89255,"RP1",10.2,4.63301281773354,1020.5632638841,"Q52",0.195021851752927,"Harvey"
"10",10,"B220",4.8,0.4456,30.48665,22.89425,"RP1",10.2,4.83445032525754,1020.56551807305,"Q52",0.195021851752927,"Harvey"
"11",11,"B220",5,0.4346,30.4872,22.8951,"RP1",10.2,5.03588801343141,1020.56657341356,"Q52",0.195021851752927,"Harvey"
"12",38,"B221",3,1.694318753,32.65555,23.06095,"RP1",14,3.02151926043428,1022.15234997609,"Q53",0.296261457958735,"Harvey"
"13",39,"B221",3.2,1.606334842,32.0566,22.9745,"RP1",14,3.22295532285984,1021.72425296644,"Q53",0.296261457958735,"Harvey"
"14",40,"B221",3.4,NA,32.9935,23.08155,"RP1",14,3.42439156593527,1022.40418318521,"Q53",0.296261457958735,"Harvey"
"15",41,"B221",3.6,0.548907882,32.8651,23.082,"RP1",14,3.62582798963544,1022.30767287282,"Q53",0.296261457958735,"Harvey"
"16",42,"B221",3.8,0.518518519,32.86125,23.08025,"RP1",14,3.82726459398547,1022.30613230468,"Q53",0.296261457958735,"Harvey"
"17",43,"B221",4,0.44913692,32.8606,23.0773,"RP1",14,4.02870137896025,1022.30735860247,"Q53",0.296261457958735,"Harvey"
"18",44,"B221",4.2,0.294676275,32.86095,23.07845,"RP1",14,4.23013834455978,1022.30816991747,"Q53",0.296261457958735,"Harvey"
"19",45,"B221",4.4,0.306575052,32.85985,23.0743,"RP1",14,4.43157549080917,1022.30939845332,"Q53",0.296261457958735,"Harvey"
"20",46,"B221",4.6,0.605441037,32.85795,23.07335,"RP1",14,4.63301281773354,1022.30910602823,"Q53",0.296261457958735,"Harvey"
"21",47,"B221",4.8,0.586056645,32.8582,23.0723,"RP1",14,4.83445032525754,1022.31047065458,"Q53",0.296261457958735,"Harvey"
"22",48,"B221",5,0.595665047,32.85835,23.07245,"RP1",14,5.03588801343141,1022.31141644344,"Q53",0.296261457958735,"Harvey"
"23",94,"B219",4.4,0.712,32.4254,23.55875,"RP1",9.9,4.43157549080917,1021.8412015821,"Q51",0.363844285274581,"Harvey"
"24",95,"B219",4.6,0.7197,32.42505,23.5545,"RP1",9.9,4.63301281773354,1021.8430404472,"Q51",0.363844285274581,"Harvey"
"25",96,"B219",4.8,0.71,32.4211,23.5642,"RP1",9.9,4.83445032525754,1021.83812085849,"Q51",0.363844285274581,"Harvey"
"26",97,"B219",5,0.7148,32.4287,23.5426,"RP1",9.9,5.03588801343141,1021.85099199422,"Q51",0.363844285274581,"Harvey"
"27",122,"B222",3.2,1.62644545,33.13035,23.74935,"RP1",27.8,3.22295532285984,1022.313956747,"Q54",1.39345863958488,"Harvey"
"28",123,"B222",3.4,1.614937713,33.13025,23.7397,"RP1",27.8,3.42439156593527,1022.31756909085,"Q54",1.39345863958488,"Harvey"
"29",124,"B222",3.6,1.636444891,33.1295,23.74175,"RP1",27.8,3.62582798963544,1022.31727708706,"Q54",1.39345863958488,"Harvey"
"30",125,"B222",3.8,1.573543377,33.1289,23.7417,"RP1",27.8,3.82726459398547,1022.31771103337,"Q54",1.39345863958488,"Harvey"
"31",126,"B222",4,1.573710966,33.12875,23.74135,"RP1",27.8,4.02870137896025,1022.31857295502,"Q54",1.39345863958488,"Harvey"
"32",127,"B222",4.2,1.554829339,33.12885,23.74175,"RP1",27.8,4.23013834455978,1022.31940528632,"Q54",1.39345863958488,"Harvey"
"33",128,"B222",4.4,1.534774594,33.12885,23.7417,"RP1",27.8,4.43157549080917,1022.32029319871,"Q54",1.39345863958488,"Harvey"
"34",129,"B222",4.6,1.53650634,33.12925,23.7417,"RP1",27.8,4.63301281773354,1022.32146917247,"Q54",1.39345863958488,"Harvey"
"35",130,"B222",4.8,1.533433886,33.12945,23.7427,"RP1",27.8,4.83445032525754,1022.32220214741,"Q54",1.39345863958488,"Harvey"
"36",131,"B222",5,1.499189989,33.1292,23.74335,"RP1",27.8,5.03588801343141,1022.32269671982,"Q54",1.39345863958488,"Harvey"
"37",246,"B218",4,0.1055,34.99985,24.5532,"RP1",30.4,4.02870137896025,1023.49357945776,"Q50",0.663857485707467,"Harvey"
"38",247,"B218",4.2,0.1211,34.9995,24.5564,"RP1",30.4,4.23013834455978,1023.49322243189,"Q50",0.663857485707467,"Harvey"
"39",248,"B218",4.4,0.1185,34.99915,24.5579,"RP1",30.4,4.43157549080917,1023.493376395,"Q50",0.663857485707467,"Harvey"
"40",249,"B218",4.6,0.1215,35.0003,24.55275,"RP1",30.4,4.63301281773354,1023.49666391799,"Q50",0.663857485707467,"Harvey"
"41",250,"B218",4.8,0.1212,35.00585,24.53315,"RP1",30.4,4.83445032525754,1023.50762141574,"Q50",0.663857485707467,"Harvey"
"42",251,"B218",5,0.1229,35.0134,24.51235,"RP1",30.4,5.03588801343141,1023.52044939095,"Q50",0.663857485707467,"Harvey"
"43",379,"B223",3.2,0.5239,36.2388,26.37765,"RP1",54.6,3.22295532285984,1023.86328295176,"Q55",1.10109917772274,"Harvey"
"44",380,"B223",3.4,0.4511,36.23985,26.38225,"RP1",54.6,3.42439156593527,1023.86348535643,"Q55",1.10109917772274,"Harvey"
"45",381,"B223",3.6,0.4575,36.2407,26.383,"RP1",54.6,3.62582798963544,1023.86475433599,"Q55",1.10109917772274,"Harvey"
"46",382,"B223",3.8,0.4667,36.24195,26.3782,"RP1",54.6,3.82726459398547,1023.8680803094,"Q55",1.10109917772274,"Harvey"
"47",383,"B223",4,0.4092,36.2429,26.3742,"RP1",54.6,4.02870137896025,1023.87092681518,"Q55",1.10109917772274,"Harvey"
"48",384,"B223",4.2,0.4543,36.2426,26.37825,"RP1",54.6,4.23013834455978,1023.87028459607,"Q55",1.10109917772274,"Harvey"
"49",385,"B223",4.4,0.4261,36.24145,26.38425,"RP1",54.6,4.43157549080917,1023.86838416223,"Q55",1.10109917772274,"Harvey"
"50",386,"B223",4.6,0.4057,36.2417,26.38155,"RP1",54.6,4.63301281773354,1023.87029154017,"Q55",1.10109917772274,"Harvey"
"51",387,"B223",4.8,0.4039,36.2417,26.3827,"RP1",54.6,4.83445032525754,1023.87079264306,"Q55",1.10109917772274,"Harvey"
"52",388,"B223",5,0.416,36.2417,26.38505,"RP1",54.6,5.03588801343141,1023.87091418264,"Q55",1.10109917772274,"Harvey"
"53",637,"B217",5,0.136,36.13575,26.042,"RP1",60,5.03588801343141,1023.89898850664,"Q49",0.949662792104732,"Harvey"
"54",2328,"B220",2.8,1.1921,21.9756,28.71175,"SEAMAP",5.80813953488372,2.82008337863347,1012.42273050774,"Q59",1.73675923375197,"Harvey"
"55",2329,"B220",3,1.272,21.97425,28.68185,"SEAMAP",5.80813953488372,3.02151926043428,1012.43207045767,"Q59",1.73675923375197,"Harvey"
"56",2330,"B220",3.2,1.2126,21.9743,28.65225,"SEAMAP",5.80813953488372,3.22295532285984,1012.44235328768,"Q59",1.73675923375197,"Harvey"
"57",2331,"B220",3.4,1.2732,21.9799,28.60425,"SEAMAP",5.80813953488372,3.42439156593527,1012.46258823895,"Q59",1.73675923375197,"Harvey"
"58",2332,"B220",3.6,1.2278,21.99075,28.5563,"SEAMAP",5.80813953488372,3.62582798963544,1012.48670876647,"Q59",1.73675923375197,"Harvey"
"59",2333,"B220",3.8,1.2215,22.0114,28.5172,"SEAMAP",5.80813953488372,3.82726459398547,1012.51533701383,"Q59",1.73675923375197,"Harvey"
"60",2334,"B220",4,1.212,22.1661,28.4466,"SEAMAP",5.80813953488372,4.02870137896025,1012.65395680677,"Q59",1.73675923375197,"Harvey"
"61",2335,"B220",4.2,1.1993,22.26575,28.3974,"SEAMAP",5.80813953488372,4.23013834455978,1012.74472922471,"Q59",1.73675923375197,"Harvey"
"62",2336,"B220",4.4,1.2183,22.35695,28.36395,"SEAMAP",5.80813953488372,4.43157549080917,1012.82423272973,"Q59",1.73675923375197,"Harvey"
"63",2337,"B220",4.6,1.2077,22.4049,28.34715,"SEAMAP",5.80813953488372,4.63301281773354,1012.86620138722,"Q59",1.73675923375197,"Harvey"
"64",2338,"B220",4.8,1.1664,22.55505,28.31635,"SEAMAP",5.80813953488372,4.83445032525754,1012.98890064484,"Q59",1.73675923375197,"Harvey"
"65",2339,"B220",5,1.2056,22.6664,28.2955,"SEAMAP",5.80813953488372,5.03588801343141,1013.07950033096,"Q59",1.73675923375197,"Harvey"
"66",2344,"B221",3,0.3303,28.4591,28.2173,"SEAMAP",9.18260869565217,3.02151926043428,1017.4282938868,"Q60",1.07529439366544,"Harvey"
"67",2345,"B221",3.2,0.3758,28.53585,28.22595,"SEAMAP",9.18260869565217,3.22295532285984,1017.48387903445,"Q60",1.07529439366544,"Harvey"
"68",2346,"B221",3.4,0.3907,28.558,28.2282,"SEAMAP",9.18260869565217,3.42439156593527,1017.50061862448,"Q60",1.07529439366544,"Harvey"
"69",2347,"B221",3.6,0.4039,29.233,28.21205,"SEAMAP",9.18260869565217,3.62582798963544,1018.01239630769,"Q60",1.07529439366544,"Harvey"
"70",2348,"B221",3.8,0.4001,29.53235,28.16335,"SEAMAP",9.18260869565217,3.82726459398547,1018.2532731518,"Q60",1.07529439366544,"Harvey"
"71",2349,"B221",4,0.3899,29.61505,28.1383,"SEAMAP",9.18260869565217,4.02870137896025,1018.32418562482,"Q60",1.07529439366544,"Harvey"
"72",2350,"B221",4.2,0.3862,29.6528,28.13825,"SEAMAP",9.18260869565217,4.23013834455978,1018.35336765935,"Q60",1.07529439366544,"Harvey"
"73",2351,"B221",4.4,0.3821,29.67075,28.13275,"SEAMAP",9.18260869565217,4.43157549080917,1018.3694603831,"Q60",1.07529439366544,"Harvey"
"74",2352,"B221",4.6,0.3534,29.69045,28.1317,"SEAMAP",9.18260869565217,4.63301281773354,1018.38543417805,"Q60",1.07529439366544,"Harvey"
"75",2353,"B221",4.8,0.3409,29.697,28.13045,"SEAMAP",9.18260869565217,4.83445032525754,1018.39161481486,"Q60",1.07529439366544,"Harvey"
"76",2354,"B221",5,0.3555,29.70135,28.12925,"SEAMAP",9.18260869565217,5.03588801343141,1018.39613020091,"Q60",1.07529439366544,"Harvey"
"77",2375,"B219",2.6,2.1968,29.34105,28.29545,"SEAMAP",10.220640569395,2.61864767748252,1018.0621618593,"Q58",2.36907142159896,"Harvey"
"78",2376,"B219",2.8,2.541,29.38605,28.2985,"SEAMAP",10.220640569395,2.82008337863347,1018.09576611062,"Q58",2.36907142159896,"Harvey"
"79",2377,"B219",3,2.3931,29.5671,28.2751,"SEAMAP",10.220640569395,3.02151926043428,1018.23985310487,"Q58",2.36907142159896,"Harvey"
"80",2378,"B219",3.2,1.9142,30.02885,28.2162,"SEAMAP",10.220640569395,3.22295532285984,1018.60581901399,"Q58",2.36907142159896,"Harvey"
"81",2379,"B219",3.4,1.9975,30.11765,28.21395,"SEAMAP",10.220640569395,3.42439156593527,1018.67398493132,"Q58",2.36907142159896,"Harvey"
"82",2380,"B219",3.6,1.7543,30.23225,28.2154,"SEAMAP",10.220640569395,3.62582798963544,1018.76030318427,"Q58",2.36907142159896,"Harvey"
"83",2381,"B219",3.8,1.2956,30.7472,28.2697,"SEAMAP",10.220640569395,3.82726459398547,1019.12973010556,"Q58",2.36907142159896,"Harvey"
"84",2382,"B219",4,0.8505,30.76495,28.2922,"SEAMAP",10.220640569395,4.02870137896025,1019.13661859619,"Q58",2.36907142159896,"Harvey"
"85",2383,"B219",4.2,0.6644,30.6133,28.2572,"SEAMAP",10.220640569395,4.23013834455978,1019.03510462981,"Q58",2.36907142159896,"Harvey"
"86",2384,"B219",4.4,0.6429,30.92745,28.3054,"SEAMAP",10.220640569395,4.43157549080917,1019.25593043604,"Q58",2.36907142159896,"Harvey"
"87",2385,"B219",4.6,0.5944,31.1073,28.30165,"SEAMAP",10.220640569395,4.63301281773354,1019.39289287874,"Q58",2.36907142159896,"Harvey"
"88",2386,"B219",4.8,0.6228,31.20655,28.287,"SEAMAP",10.220640569395,4.83445032525754,1019.47295356521,"Q58",2.36907142159896,"Harvey"
"89",2387,"B219",5,0.549,31.26995,28.30365,"SEAMAP",10.220640569395,5.03588801343141,1019.5159680544,"Q58",2.36907142159896,"Harvey"
"90",2414,"B222",2.6,0.1961,29.2878,28.40725,"SEAMAP",18.4569420035149,2.61864767748252,1017.98617946067,"Q61",4.09133287163343,"Harvey"
"91",2415,"B222",2.8,0.2433,29.2825,28.40875,"SEAMAP",18.4569420035149,2.82008337863347,1017.98259284662,"Q61",4.09133287163343,"Harvey"
"92",2416,"B222",3,0.3326,29.2875,28.3795,"SEAMAP",18.4569420035149,3.02151926043428,1017.99665701152,"Q61",4.09133287163343,"Harvey"
"93",2417,"B222",3.2,0.4529,29.32585,28.3951,"SEAMAP",18.4569420035149,3.22295532285984,1018.02121713685,"Q61",4.09133287163343,"Harvey"
"94",2418,"B222",3.4,0.4486,29.34915,28.4125,"SEAMAP",18.4569420035149,3.42439156593527,1018.03391755402,"Q61",4.09133287163343,"Harvey"
"95",2419,"B222",3.6,0.4388,29.35005,28.4108,"SEAMAP",18.4569420035149,3.62582798963544,1018.03600991586,"Q61",4.09133287163343,"Harvey"
"96",2420,"B222",3.8,0.444,29.35,28.40985,"SEAMAP",18.4569420035149,3.82726459398547,1018.0371481025,"Q61",4.09133287163343,"Harvey"
"97",2421,"B222",4,0.4192,29.35035,28.41025,"SEAMAP",18.4569420035149,4.02870137896025,1018.03814953235,"Q61",4.09133287163343,"Harvey"
"98",2422,"B222",4.2,0.4426,29.3501,28.41015,"SEAMAP",18.4569420035149,4.23013834455978,1018.03886309845,"Q61",4.09133287163343,"Harvey"
"99",2423,"B222",4.4,0.4306,29.3503,28.4087,"SEAMAP",18.4569420035149,4.43157549080917,1018.04035020339,"Q61",4.09133287163343,"Harvey"
"100",2424,"B222",4.6,0.4399,29.3496,28.408,"SEAMAP",18.4569420035149,4.63301281773354,1018.04092060257,"Q61",4.09133287163343,"Harvey"
"101",2425,"B222",4.8,0.4525,29.34975,28.4078,"SEAMAP",18.4569420035149,4.83445032525754,1018.04196615463,"Q61",4.09133287163343,"Harvey"
"102",2426,"B222",5,0.4491,29.35845,28.4128,"SEAMAP",18.4569420035149,5.03588801343141,1018.0477359121,"Q61",4.09133287163343,"Harvey"
"103",2494,"B218",3,0.3862,31.985,28.48795,"SEAMAP",20.0520446096654,3.02151926043428,1019.9836068264,"Q57",3.56532806203063,"Harvey"
"104",2495,"B218",3.2,0.3977,32.03075,28.48685,"SEAMAP",20.0520446096654,3.22295532285984,1020.01915147738,"Q57",3.56532806203063,"Harvey"
"105",2496,"B218",3.4,0.3963,32.35825,28.48015,"SEAMAP",20.0520446096654,3.42439156593527,1020.26790955542,"Q57",3.56532806203063,"Harvey"
"106",2497,"B218",3.6,0.3903,32.6421,28.4711,"SEAMAP",20.0520446096654,3.62582798963544,1020.48473000509,"Q57",3.56532806203063,"Harvey"
"107",2498,"B218",3.8,0.3997,32.78015,28.4645,"SEAMAP",20.0520446096654,3.82726459398547,1020.59135907509,"Q57",3.56532806203063,"Harvey"
"108",2499,"B218",4,0.3842,32.9013,28.45995,"SEAMAP",20.0520446096654,4.02870137896025,1020.6846412639,"Q57",3.56532806203063,"Harvey"
"109",2500,"B218",4.2,0.3802,33.00665,28.45635,"SEAMAP",20.0520446096654,4.23013834455978,1020.76575948686,"Q57",3.56532806203063,"Harvey"
"110",2501,"B218",4.4,0.3948,33.063,28.4548,"SEAMAP",20.0520446096654,4.43157549080917,1020.80942941571,"Q57",3.56532806203063,"Harvey"
"111",2502,"B218",4.6,0.3734,33.112,28.4543,"SEAMAP",20.0520446096654,4.63301281773354,1020.84723906025,"Q57",3.56532806203063,"Harvey"
"112",2503,"B218",4.8,0.3787,33.2777,28.44455,"SEAMAP",20.0520446096654,4.83445032525754,1020.97569109532,"Q57",3.56532806203063,"Harvey"
"113",2504,"B218",5,0.3805,33.5531,28.4209,"SEAMAP",20.0520446096654,5.03588801343141,1021.19108808082,"Q57",3.56532806203063,"Harvey"
"114",2580,"B223",3,0.2068,35.3181,28.41555,"SEAMAP",42.2117647058824,3.02151926043428,1022.51019272005,"Q62",2.71362568616973,"Harvey"
"115",2581,"B223",3,0.2068,35.3181,28.41555,"SEAMAP",44.1136131013306,3.02151926043428,1022.51019272005,"Q62",2.71362568616973,"Harvey"
"116",2582,"B223",3.2,0.2172,35.3181,28.4162,"SEAMAP",42.2117647058824,3.22295532285984,1022.51084032043,"Q62",2.71362568616973,"Harvey"
"117",2583,"B223",3.2,0.2172,35.3181,28.4162,"SEAMAP",44.1136131013306,3.22295532285984,1022.51084032043,"Q62",2.71362568616973,"Harvey"
"118",2584,"B223",3.4,0.2126,35.3185,28.4153,"SEAMAP",42.2117647058824,3.42439156593527,1022.51230061518,"Q62",2.71362568616973,"Harvey"
"119",2585,"B223",3.4,0.2126,35.3185,28.4153,"SEAMAP",44.1136131013306,3.42439156593527,1022.51230061518,"Q62",2.71362568616973,"Harvey"
"120",2586,"B223",3.6,0.2298,35.3178,28.41505,"SEAMAP",42.2117647058824,3.62582798963544,1022.51271936422,"Q62",2.71362568616973,"Harvey"
"121",2587,"B223",3.6,0.2298,35.3178,28.41505,"SEAMAP",44.1136131013306,3.62582798963544,1022.51271936422,"Q62",2.71362568616973,"Harvey"
"122",2588,"B223",3.8,0.2141,35.3177,28.4155,"SEAMAP",42.2117647058824,3.82726459398547,1022.51335786152,"Q62",2.71362568616973,"Harvey"
"123",2589,"B223",3.8,0.2141,35.3177,28.4155,"SEAMAP",44.1136131013306,3.82726459398547,1022.51335786152,"Q62",2.71362568616973,"Harvey"
"124",2590,"B223",4,0.2241,35.3184,28.41665,"SEAMAP",42.2117647058824,4.02870137896025,1022.51436642383,"Q62",2.71362568616973,"Harvey"
"125",2591,"B223",4,0.2241,35.3184,28.41665,"SEAMAP",44.1136131013306,4.02870137896025,1022.51436642383,"Q62",2.71362568616973,"Harvey"
"126",2592,"B223",4.2,0.2184,35.3185,28.4157,"SEAMAP",42.2117647058824,4.23013834455978,1022.51561773685,"Q62",2.71362568616973,"Harvey"
"127",2593,"B223",4.2,0.2184,35.3185,28.4157,"SEAMAP",44.1136131013306,4.23013834455978,1022.51561773685,"Q62",2.71362568616973,"Harvey"
"128",2594,"B223",4.4,0.2241,35.3188,28.4112,"SEAMAP",42.2117647058824,4.43157549080917,1022.51819206273,"Q62",2.71362568616973,"Harvey"
"129",2595,"B223",4.4,0.2241,35.3188,28.4112,"SEAMAP",44.1136131013306,4.43157549080917,1022.51819206273,"Q62",2.71362568616973,"Harvey"
"130",2596,"B223",4.6,0.2133,35.319,28.4108,"SEAMAP",42.2117647058824,4.63301281773354,1022.51933683437,"Q62",2.71362568616973,"Harvey"
"131",2597,"B223",4.6,0.2133,35.319,28.4108,"SEAMAP",44.1136131013306,4.63301281773354,1022.51933683437,"Q62",2.71362568616973,"Harvey"
"132",2598,"B223",4.8,0.2224,35.3192,28.4113,"SEAMAP",42.2117647058824,4.83445032525754,1022.52018431242,"Q62",2.71362568616973,"Harvey"
"133",2599,"B223",4.8,0.2224,35.3192,28.4113,"SEAMAP",44.1136131013306,4.83445032525754,1022.52018431242,"Q62",2.71362568616973,"Harvey"
"134",2600,"B223",5,0.2289,35.3198,28.4107,"SEAMAP",42.2117647058824,5.03588801343141,1022.52169580471,"Q62",2.71362568616973,"Harvey"
"135",2601,"B223",5,0.2289,35.3198,28.4107,"SEAMAP",44.1136131013306,5.03588801343141,1022.52169580471,"Q62",2.71362568616973,"Harvey"
"136",2983,"B217",2,0.1806,36.34485,28.9187,"SEAMAP",38.3260188087774,2.01434165782838,1023.11013995934,"Q56",0.885000912014789,"Harvey"
"137",2984,"B217",2.2,0.1909,36.3439,28.9316,"SEAMAP",38.3260188087774,2.21577681707997,1023.10596148654,"Q56",0.885000912014789,"Harvey"
"138",2985,"B217",2.4,0.1264,36.2303,28.98455,"SEAMAP",38.3260188087774,2.41721215698143,1023.0036943778,"Q56",0.885000912014789,"Harvey"
"139",2986,"B217",2.6,0.0951,36.2114,28.89245,"SEAMAP",38.3260188087774,2.61864767748252,1023.02122717993,"Q56",0.885000912014789,"Harvey"
"140",2987,"B217",2.8,0.1006,36.2132,28.8955,"SEAMAP",38.3260188087774,2.82008337863347,1023.02241909682,"Q56",0.885000912014789,"Harvey"
"141",2988,"B217",3,0.1013,36.2132,28.89595,"SEAMAP",38.3260188087774,3.02151926043428,1023.02312903605,"Q56",0.885000912014789,"Harvey"
"142",2989,"B217",3.2,0.1,36.21345,28.8987,"SEAMAP",38.3260188087774,3.22295532285984,1023.02325650953,"Q56",0.885000912014789,"Harvey"
"143",2990,"B217",3.4,0.097,36.2141,28.89965,"SEAMAP",38.3260188087774,3.42439156593527,1023.02428742147,"Q56",0.885000912014789,"Harvey"
"144",2991,"B217",3.6,0.0961,36.21495,28.90585,"SEAMAP",38.3260188087774,3.62582798963544,1023.02371000369,"Q56",0.885000912014789,"Harvey"
"145",2992,"B217",3.8,0.0986,36.21465,28.90805,"SEAMAP",38.3260188087774,3.82726459398547,1023.02360817631,"Q56",0.885000912014789,"Harvey"
"146",2993,"B217",4,0.0931,36.21425,28.90825,"SEAMAP",38.3260188087774,4.02870137896025,1023.02410119897,"Q56",0.885000912014789,"Harvey"
"147",2994,"B217",4.2,0.0983,36.2138,28.9072,"SEAMAP",38.3260188087774,4.23013834455978,1023.02497540868,"Q56",0.885000912014789,"Harvey"
"148",2995,"B217",4.4,0.098,36.2144,28.908,"SEAMAP",38.3260188087774,4.43157549080917,1023.02601889554,"Q56",0.885000912014789,"Harvey"
"149",2996,"B217",4.6,0.0987,36.2147,28.90875,"SEAMAP",38.3260188087774,4.63301281773354,1023.02685368007,"Q56",0.885000912014789,"Harvey"
"150",2997,"B217",4.8,0.0995,36.2146,28.90875,"SEAMAP",38.3260188087774,4.83445032525754,1023.02763913593,"Q56",0.885000912014789,"Harvey"
"151",2998,"B217",5,0.0979,36.2149,28.90965,"SEAMAP",38.3260188087774,5.03588801343141,1023.0284236515,"Q56",0.885000912014789,"Harvey"
"152",3165,"B222",5,NA,32.989,27.245,"0505",21,5.03588801343141,1021.14769095248,"Q22",0.0846389652850803,"Rita"
"153",3182,"B221",3,NA,29.685,25.558,"0505",9,3.02151926043428,1019.17638426279,"Q21",0.0459588724213518,"Rita"
"154",3183,"B221",4,NA,29.685,25.555,"0505",9,4.02870137896025,1019.18165588089,"Q21",0.0459588724213518,"Rita"
"155",3184,"B221",5,NA,29.684,25.553,"0505",9,5.03588801343141,1019.18587307737,"Q21",0.0459588724213518,"Rita"
"156",3189,"B219",1,NA,30.639,26.024,"0505",10,1.00716857101695,1019.74409887869,"Q20",0.0587232098670256,"Rita"
"157",3190,"B219",2,NA,30.638,26.025,"0505",10,2.01434165782838,1019.74739728741,"Q20",0.0587232098670256,"Rita"
"158",3191,"B219",3,NA,30.639,26.025,"0505",10,3.02151926043428,1019.75250726636,"Q20",0.0587232098670256,"Rita"
"159",3192,"B219",4,NA,30.639,26.022,"0505",10,4.02870137896025,1019.75778388972,"Q20",0.0587232098670256,"Rita"
"160",3193,"B219",5,NA,30.644,26.022,"0505",10,5.03588801343141,1019.76590414081,"Q20",0.0587232098670256,"Rita"
"161",3199,"B218",2,NA,34.469,26.416,"0505",22,2.01434165782838,1022.51135717423,"Q19",0.267709337407723,"Rita"
"162",3200,"B218",3,NA,34.469,26.406,"0505",22,3.02151926043428,1022.51883302131,"Q19",0.267709337407723,"Rita"
"163",3201,"B218",4,NA,34.47,26.411,"0505",22,4.02870137896025,1022.52234876405,"Q19",0.267709337407723,"Rita"
"164",3202,"B218",5,NA,34.47,26.41,"0505",22,5.03588801343141,1022.52699619782,"Q19",0.267709337407723,"Rita"
"165",3220,"B223",2,NA,35.225,27.203,"0505",50,2.01434165782838,1022.83085304502,"Q23",0.914526464263417,"Rita"
"166",3221,"B223",3,NA,35.224,27.184,"0505",50,3.02151926043428,1022.84052357851,"Q23",0.914526464263417,"Rita"
"167",3222,"B223",4,NA,35.221,27.173,"0505",50,4.02870137896025,1022.84611787478,"Q23",0.914526464263417,"Rita"
"168",3223,"B223",5,NA,35.215,27.165,"0505",50,5.03588801343141,1022.84848932756,"Q23",0.914526464263417,"Rita"
"169",3269,"B217",3,NA,34.629,26.414,"0505",41,3.02151926043428,1022.63691807189,"Q18",0.589658625770312,"Rita"
"170",3270,"B217",4,NA,34.629,26.411,"0505",41,4.02870137896025,1022.64219387011,"Q18",0.589658625770312,"Rita"
"171",3271,"B217",5,NA,34.628,26.409,"0505",41,5.03588801343141,1022.64640135262,"Q18",0.589658625770312,"Rita"
"172",3308,"B221",2,3.777,35.844,30.646,"0604",9,2.01434165782838,1022.14494449007,"Q28",0.133102922874514,"None"
"173",3309,"B221",3,4.139,35.845,30.622,"0604",9,3.02151926043428,1022.15831489089,"Q28",0.133102922874514,"None"
"174",3310,"B221",4,4.322,35.844,30.612,"0604",9,4.02870137896025,1022.16532700496,"Q28",0.133102922874514,"None"
"175",3311,"B221",5,5.064,35.854,30.471,"0604",9,5.03588801343141,1022.22595556737,"Q28",0.133102922874514,"None"
"176",3316,"B222",2,0.503,36.404,29.928,"0604",18,2.01434165782838,1022.81248623743,"Q29",0.240308156866604,"None"
"177",3317,"B222",3,0.459,36.406,29.926,"0604",18,3.02151926043428,1022.81896676293,"Q29",0.240308156866604,"None"
"178",3318,"B222",4,0.557,36.405,29.926,"0604",18,4.02870137896025,1022.82251081642,"Q29",0.240308156866604,"None"
"179",3319,"B222",5,0.616,36.404,29.928,"0604",18,5.03588801343141,1022.825369584,"Q29",0.240308156866604,"None"
"180",3333,"B223",3,0.22,36.477,29.747,"0604",45,3.02151926043428,1022.93347019249,"Q30",2.4680481919894,"None"
"181",3334,"B223",4,0.216,36.477,29.747,"0604",45,4.02870137896025,1022.93776560293,"Q30",2.4680481919894,"None"
"182",3335,"B223",5,0.218,36.477,29.749,"0604",45,5.03588801343141,1022.94137812709,"Q30",2.4680481919894,"None"
"183",3376,"B217",2,0.252,36.488,29.747,"0604",39,2.01434165782838,1022.93743182365,"Q24",1.47865213225441,"None"
"184",3377,"B217",3,0.236,36.489,29.747,"0604",39,3.02151926043428,1022.94247789116,"Q24",1.47865213225441,"None"
"185",3378,"B217",4,0.243,36.489,29.746,"0604",39,4.02870137896025,1022.94711464541,"Q24",1.47865213225441,"None"
"186",3379,"B217",5,0.25,36.489,29.745,"0604",39,5.03588801343141,1022.95175133875,"Q24",1.47865213225441,"None"
"187",3414,"B218",2,0.826,36.03,30.053,"0604",21,2.01434165782838,1022.4890369119,"Q25",0.447161033067573,"None"
"188",3415,"B218",3,0.964,36.035,30.056,"0604",21,3.02151926043428,1022.49605356938,"Q25",0.447161033067573,"None"
"189",3416,"B218",4,0.886,36.032,30.053,"0604",21,4.02870137896025,1022.49912799704,"Q25",0.447161033067573,"None"
"190",3417,"B218",5,0.937,36.031,30.055,"0604",21,5.03588801343141,1022.50198703775,"Q25",0.447161033067573,"None"
"191",3434,"B219",2,1.877,34.771,30.349,"0604",11,2.01434165782838,1021.44356586338,"Q26",0.236367468965682,"None"
"192",3435,"B219",3,1.918,34.774,30.354,"0604",11,3.02151926043428,1021.44839401107,"Q26",0.236367468965682,"None"
"193",3436,"B219",4,1.875,34.776,30.356,"0604",11,4.02870137896025,1021.45350423528,"Q26",0.236367468965682,"None"
"194",3437,"B219",5,1.972,34.789,30.377,"0604",11,5.03588801343141,1021.46031985337,"Q26",0.236367468965682,"None"
"195",3444,"B220",2,13.025,32.177,29.938,"0604",6,2.01434165782838,1019.64107237628,"Q27",0.0493260144249916,"None"
"196",3445,"B220",3,13.494,32.17,29.911,"0604",6,3.02151926043428,1019.64926955121,"Q27",0.0493260144249916,"None"
"197",3446,"B220",4,13.641,32.17,29.902,"0604",6,4.02870137896025,1019.6566248621,"Q27",0.0493260144249916,"None"
"198",3447,"B220",5,13.11,32.167,29.896,"0604",6,5.03588801343141,1019.66072104389,"Q27",0.0493260144249916,"None"
"199",3449,"B221",2,4.78,31.291,26.576,"0804",9,2.01434165782838,1020.06845316011,"Q31",0.0436123085843292,"None"
"200",3450,"B221",3,4.843,31.289,26.576,"0804",9,3.02151926043428,1020.07129750736,"Q31",0.0436123085843292,"None"
"201",3451,"B221",4,4.907,31.291,26.575,"0804",9,4.02870137896025,1020.07746203445,"Q31",0.0436123085843292,"None"
"202",3452,"B221",5,4.844,31.291,26.575,"0804",9,5.03588801343141,1020.08181059551,"Q31",0.0436123085843292,"None"
"203",3457,"B222",2,2.914,34.641,26.84,"0804",18,2.01434165782838,1022.50696843566,"Q32",0.167942456203264,"None"
"204",3458,"B222",3,2.635,34.641,26.841,"0804",18,3.02151926043428,1022.51097923439,"Q32",0.167942456203264,"None"
"205",3459,"B222",4,2.619,34.641,26.842,"0804",18,4.02870137896025,1022.51498993855,"Q32",0.167942456203264,"None"
"206",3460,"B222",5,2.401,34.641,26.842,"0804",18,5.03588801343141,1022.51931832167,"Q32",0.167942456203264,"None"
"207",3474,"B223",3,2.322,34.988,27.817,"0804",44,3.02151926043428,1022.45826049113,"Q33",1.39147600324577,"None"
"208",3475,"B223",4,2.264,34.986,27.832,"0804",44,4.02870137896025,1022.45619075405,"Q33",1.39147600324577,"None"
"209",3476,"B223",5,2.449,34.984,27.823,"0804",44,5.03588801343141,1022.46193479551,"Q33",1.39147600324577,"None"
"210",3516,"B223",3,0.572,35.116,26.341,"0805",45,3.02151926043428,1023.02704124036,"Q35",0.6832737881208,"Ike"
"211",3517,"B223",4,0.684,35.117,26.344,"0805",45,4.02870137896025,1023.03118209823,"Q35",0.6832737881208,"Ike"
"212",3518,"B223",5,0.573,35.126,26.336,"0805",45,5.03588801343141,1023.0448155357,"Q35",0.6832737881208,"Ike"
"213",3559,"B217",2,0.599,35.842,26.957,"0805",40,2.01434165782838,1023.37455104015,"Q34",0.26179500225885,"Ike"
"214",3560,"B217",3,0.602,35.826,26.953,"0805",40,3.02151926043428,1023.3680943359,"Q34",0.26179500225885,"Ike"
"215",3561,"B217",4,0.607,35.835,26.956,"0805",40,4.02870137896025,1023.3782380581,"Q34",0.26179500225885,"Ike"
"216",3562,"B217",5,0.6,35.863,26.971,"0805",40,5.03588801343141,1023.39885804128,"Q34",0.26179500225885,"Ike"
"217",3598,"B222",3,1.632,34.905,26.171,"0284",19,3.02151926043428,1022.92125521032,"Q2",0.120411319410323,"Ike"
"218",3599,"B222",4,1.621,34.905,26.171,"0284",19,4.02870137896025,1022.92558832951,"Q2",0.120411319410323,"Ike"
"219",3600,"B222",5,1.635,34.905,26.173,"0284",19,5.03588801343141,1022.92929538378,"Q2",0.120411319410323,"Ike"
"220",3615,"B219",2,1.61,34.676,23.194,"0284",11,2.01434165782838,1023.64062703967,"Q1",0.0368474594758936,"Ike"
"221",3616,"B219",3,1.649,34.678,23.195,"0284",11,3.02151926043428,1023.64621778167,"Q1",0.0368474594758936,"Ike"
"222",3617,"B219",4,1.611,34.678,23.195,"0284",11,4.02870137896025,1023.65058176785,"Q1",0.0368474594758936,"Ike"
"223",3618,"B219",5,1.645,34.678,23.198,"0284",11,5.03588801343141,1023.654077389,"Q1",0.0368474594758936,"Ike"
"224",3625,"B221",2,5.167,25.214,30.704,"0291",9,2.01434165782838,1014.18343341965,"Q3",4.77627837036107,"None"
"225",3626,"B221",3,10.098,25.998,30.34,"0291",9,3.02151926043428,1014.89405121995,"Q3",4.77627837036107,"None"
"226",3627,"B221",4,13.145,27.697,30.135,"0291",9,4.02870137896025,1016.23455276332,"Q3",4.77627837036107,"None"
"227",3628,"B221",5,8.96,30.34,29.817,"0291",9,5.03588801343141,1018.32023262469,"Q3",4.77627837036107,"None"
"228",3633,"B222",2,6.028,32.931,30.27,"0291",18,2.01434165782838,1020.09273116917,"Q4",1.4914973337809,"None"
"229",3634,"B222",3,6.213,32.931,30.269,"0291",18,3.02151926043428,1020.09738191744,"Q4",1.4914973337809,"None"
"230",3635,"B222",4,6.217,32.932,30.27,"0291",18,4.02870137896025,1020.10209871239,"Q4",1.4914973337809,"None"
"231",3636,"B222",5,6.541,32.939,30.27,"0291",18,5.03588801343141,1020.11164755646,"Q4",1.4914973337809,"None"
"232",3650,"B223",2,0.594,35.461,30.11,"0291",43,2.01434165782838,1022.04277230419,"Q5",0.874522887801959,"None"
"233",3651,"B223",3,0.588,35.461,30.106,"0291",43,3.02151926043428,1022.04844161687,"Q5",0.874522887801959,"None"
"234",3652,"B223",4,0.579,35.461,30.11,"0291",43,4.02870137896025,1022.05136811025,"Q5",0.874522887801959,"None"
"235",3653,"B223",5,0.579,35.461,30.109,"0291",43,5.03588801343141,1022.05600877959,"Q5",0.874522887801959,"None"
"236",3692,"B223",1,0,34.576,27.352,"0292",44,1.00716857101695,1022.29005560245,"Q10",1.08106227461769,"None"
"237",3693,"B223",2,0,34.598,27.334,"0292",44,2.01434165782838,1022.31672405908,"Q10",1.08106227461769,"None"
"238",3694,"B223",3,0,34.688,27.393,"0292",44,3.02151926043428,1022.36980398899,"Q10",1.08106227461769,"None"
"239",3695,"B223",4,0,34.797,27.457,"0292",44,4.02870137896025,1022.43553226286,"Q10",1.08106227461769,"None"
"240",3696,"B223",5,0.193,34.918,27.538,"0292",44,5.03588801343141,1022.50475024103,"Q10",1.08106227461769,"None"
"241",3736,"B217",1,0,35.498,27.434,"0292",38,1.00716857101695,1022.95766796356,"Q6",0.319741820486229,"None"
"242",3737,"B217",2,0,35.497,27.43,"0292",38,2.01434165782838,1022.96252694297,"Q6",0.319741820486229,"None"
"243",3738,"B217",3,0.017,35.496,27.428,"0292",38,3.02151926043428,1022.96673939532,"Q6",0.319741820486229,"None"
"244",3739,"B217",4,0,35.496,27.43,"0292",38,4.02870137896025,1022.97041181803,"Q6",0.319741820486229,"None"
"245",3740,"B217",5,0,35.497,27.432,"0292",38,5.03588801343141,1022.97483700431,"Q6",0.319741820486229,"None"
"246",3774,"B222",2,0,34.183,26.677,"0292",19,2.01434165782838,1022.21361712938,"Q9",0.459524217023045,"None"
"247",3775,"B222",3,0,34.185,26.692,"0292",19,3.02151926043428,1022.21471618874,"Q9",0.459524217023045,"None"
"248",3776,"B222",4,0,34.183,26.69,"0292",19,4.02870137896025,1022.21817400769,"Q9",0.459524217023045,"None"
"249",3777,"B222",5,0,34.188,26.648,"0292",19,5.03588801343141,1022.23953990908,"Q9",0.459524217023045,"None"
"250",3792,"B219",2,1.057,29.943,25.7,"0292",10,2.01434165782838,1019.32331670469,"Q8",1.57482962079098,"None"
"251",3793,"B219",3,0.971,30.117,25.733,"0292",10,3.02151926043428,1019.44865402152,"Q8",1.57482962079098,"None"
"252",3794,"B219",4,0.693,30.254,25.771,"0292",10,4.02870137896025,1019.54460454016,"Q8",1.57482962079098,"None"
"253",3795,"B219",5,0.732,30.57,25.827,"0292",10,5.03588801343141,1019.76980230749,"Q8",1.57482962079098,"None"
"254",3801,"B218",2,0.642,33.639,26.443,"0292",20,2.01434165782838,1021.87746371814,"Q7",0.696233982289073,"None"
"255",3802,"B218",3,0.791,33.638,26.438,"0292",20,3.02151926043428,1021.88261504085,"Q7",0.696233982289073,"None"
"256",3803,"B218",4,0.657,33.639,26.438,"0292",20,4.02870137896025,1021.88770575033,"Q7",0.696233982289073,"None"
"257",3804,"B218",5,0.679,33.645,26.448,"0292",20,5.03588801343141,1021.89342803006,"Q7",0.696233982289073,"None"
"258",3820,"B223",4,0.092,36.352,27.702,"0301",44,4.02870137896025,1023.52658351376,"Q17",0.227097041844104,"None"
"259",3821,"B223",5,0.091,36.352,27.703,"0301",44,5.03588801343141,1023.53056926278,"Q17",0.227097041844104,"None"
"260",3861,"B222",3,0.597,36.25,27.001,"0301",18,3.02151926043428,1023.67228037139,"Q16",0.0597455210752287,"None"
"261",3862,"B222",4,0.594,36.25,27.005,"0301",18,4.02870137896025,1023.67531518606,"Q16",0.0597455210752287,"None"
"262",3863,"B222",5,0.603,36.25,27.005,"0301",18,5.03588801343141,1023.67963370712,"Q16",0.0597455210752287,"None"
"263",3877,"B217",4,0.116,36.347,27.64,"0301",39,4.02870137896025,1023.54303430513,"Q11",0.17397378335852,"None"
"264",3878,"B217",5,0.134,36.347,27.641,"0301",39,5.03588801343141,1023.54702106493,"Q11",0.17397378335852,"None"
"265",3913,"B218",4,0.537,36.265,27.192,"0301",20,4.02870137896025,1023.62646614698,"Q12",0.0683099916954006,"None"
"266",3914,"B218",5,0.54,36.265,27.191,"0301",20,5.03588801343141,1023.63110536567,"Q12",0.0683099916954006,"None"
"267",3930,"B221",3,2.164,32.887,25.782,"0301",9,3.02151926043428,1021.5203199083,"Q15",0.0486983522760056,"None"
"268",3931,"B221",4,2.703,32.893,25.782,"0301",9,4.02870137896025,1021.5291904141,"Q15",0.0486983522760056,"None"
"269",3932,"B221",5,2.592,32.892,25.783,"0301",9,5.03588801343141,1021.53247656505,"Q15",0.0486983522760056,"None"
"270",3937,"B219",4,1.469,35.113,26.12,"0301",10,4.02870137896025,1023.09843642233,"Q13",0.0203598741636597,"None"
"271",3938,"B219",5,1.476,35.113,26.127,"0301",10,5.03588801343141,1023.10057861635,"Q13",0.0203598741636597,"None"
"272",3944,"B220",3,2.789,29.569,25.337,"0301",6,3.02151926043428,1019.15547210298,"Q14",0.0408991108899954,"None"
"273",3945,"B220",4,2.83,29.565,25.319,"0301",6,4.02870137896025,1019.16222188929,"Q14",0.0408991108899954,"None"
"274",3946,"B220",5,2.629,29.552,25.238,"0301",6,5.03588801343141,1019.18103428677,"Q14",0.0408991108899954,"None"
"275",3948,"B217",2,0.281,36.595,29.504,"0904",39,2.01434165782838,1023.10052869071,"Q36",1.60855864382347,"None"
"276",3949,"B217",3,0.29,36.592,29.496,"0904",39,3.02151926043428,1023.10529036646,"Q36",1.60855864382347,"None"
"277",3950,"B217",4,0.294,36.592,29.487,"0904",39,4.02870137896025,1023.11264420002,"Q36",1.60855864382347,"None"
"278",3951,"B217",5,0.289,36.592,29.482,"0904",39,5.03588801343141,1023.11863908962,"Q36",1.60855864382347,"None"
"279",3986,"B218",2,0.231,36.676,30.03,"0904",20,2.01434165782838,1022.98160006036,"Q37",0.0773736812633388,"None"
"280",3987,"B218",3,0.22,36.676,30.03,"0904",20,3.02151926043428,1022.98589246902,"Q37",0.0773736812633388,"None"
"281",3988,"B218",4,0.216,36.676,30.023,"0904",20,4.02870137896025,1022.99259018837,"Q37",0.0773736812633388,"None"
"282",3989,"B218",5,0.216,36.675,30.031,"0904",20,5.03588801343141,1022.99338302053,"Q37",0.0773736812633388,"None"
"283",4005,"B222",1,0.344,36.703,29.942,"0904",19,1.00716857101695,1023.02778336029,"Q40",0.0728015063591556,"None"
"284",4006,"B222",2,0.379,36.702,29.97,"0904",19,2.01434165782838,1023.02171803742,"Q40",0.0728015063591556,"None"
"285",4007,"B222",3,0.375,36.703,29.959,"0904",19,3.02151926043428,1023.0305364873,"Q40",0.0728015063591556,"None"
"286",4008,"B222",4,0.38,36.703,29.955,"0904",19,4.02870137896025,1023.03620183819,"Q40",0.0728015063591556,"None"
"287",4009,"B222",5,0.363,36.703,29.95,"0904",19,5.03588801343141,1023.04221018254,"Q40",0.0728015063591556,"None"
"288",4024,"B223",1,0.141,36.612,29.379,"0904",45,1.00716857101695,1023.15141370517,"Q41",1.59069742237398,"None"
"289",4025,"B223",2,0.133,36.612,29.382,"0904",45,2.01434165782838,1023.15469465599,"Q41",1.59069742237398,"None"
"290",4026,"B223",3,0.138,36.612,29.38,"0904",45,3.02151926043428,1023.15966997325,"Q41",1.59069742237398,"None"
"291",4027,"B223",4,0.154,36.612,29.377,"0904",45,4.02870137896025,1023.16498410366,"Q41",1.59069742237398,"None"
"292",4028,"B223",5,0.173,36.612,29.376,"0904",45,5.03588801343141,1023.16962040595,"Q41",1.59069742237398,"None"
"293",4069,"B221",2,9.426,31.836,30.035,"0904",9,2.01434165782838,1019.35306327936,"Q39",1.13604943460678,"None"
"294",4070,"B221",3,10.062,31.273,29.992,"0904",9,3.02151926043428,1018.95066349002,"Q39",1.13604943460678,"None"
"295",4071,"B221",4,9.632,32.008,30.027,"0904",9,4.02870137896025,1019.49311736407,"Q39",1.13604943460678,"None"
"296",4072,"B221",5,8.255,32.438,30.045,"0904",9,5.03588801343141,1019.81317029484,"Q39",1.13604943460678,"None"
"297",4077,"B219",2,4.673,35.502,30.013,"0904",10,2.01434165782838,1022.10674082459,"Q38",0.0775803801917618,"None"
"298",4078,"B219",3,4.87,35.497,29.99,"0904",10,3.02151926043428,1022.11515845302,"Q38",0.0775803801917618,"None"
"299",4079,"B219",4,4.989,35.493,29.984,"0904",10,4.02870137896025,1022.11850942926,"Q38",0.0775803801917618,"None"
"300",4080,"B219",5,5.002,35.491,29.977,"0904",10,5.03588801343141,1022.12370196448,"Q38",0.0775803801917618,"None"
"301",4086,"B221",2,3.0129,22.8486,31.1248,"1606",8,2.01434165782838,1012.28119821862,"Q46",8.03914063616344,"None"
"302",4087,"B221",3,2.6029,25.7126,30.7692,"1606",8,3.02151926043428,1014.53734021648,"Q46",8.03914063616344,"None"
"303",4088,"B221",4,2.0428,29.1081,30.3663,"1606",8,4.02870137896025,1017.21047799781,"Q46",8.03914063616344,"None"
"304",4089,"B221",5,1.338,32.8847,29.8801,"1606",8,5.03588801343141,1020.20346850639,"Q46",8.03914063616344,"None"
"305",4093,"B222",2,0.2327,33.0729,30.1251,"1606",18,2.01434165782838,1020.24833236347,"Q47",0.820695819434945,"None"
"306",4094,"B222",3,0.2228,33.0723,30.1426,"1606",18,3.02151926043428,1020.2462367315,"Q47",0.820695819434945,"None"
"307",4095,"B222",4,0.2156,33.0715,30.1187,"1606",18,4.02870137896025,1020.25808170562,"Q47",0.820695819434945,"None"
"308",4096,"B222",5,0.2205,33.0791,30.1305,"1606",18,5.03588801343141,1020.26406606228,"Q47",0.820695819434945,"None"
"309",4110,"B223",2,0.1923,36.2399,29.9769,"1606",45,2.01434165782838,1022.67259782548,"Q48",2.20785842870771,"None"
"310",4111,"B223",3,0.1884,36.2385,29.9737,"1606",45,3.02151926043428,1022.67693926313,"Q48",2.20785842870771,"None"
"311",4112,"B223",4,0.1922,36.2384,29.9734,"1606",45,4.02870137896025,1022.68126201043,"Q48",2.20785842870771,"None"
"312",4113,"B223",5,0.1891,36.2421,29.9743,"1606",45,5.03588801343141,1022.68802438939,"Q48",2.20785842870771,"None"
"313",4154,"B217",2,0.168,36.3686,30.3572,"1606",39,2.01434165782838,1022.63823518718,"Q42",1.29918016386796,"None"
"314",4155,"B217",3,0.1663,36.3687,30.3637,"1606",39,3.02151926043428,1022.64035496384,"Q42",1.29918016386796,"None"
"315",4156,"B217",4,0.1697,36.3673,30.3458,"1606",39,4.02870137896025,1022.64978335255,"Q42",1.29918016386796,"None"
"316",4157,"B217",5,0.1675,36.3686,30.3358,"1606",39,5.03588801343141,1022.65850516386,"Q42",1.29918016386796,"None"
"317",4192,"B218",2,0.1917,34.4333,29.9697,"1606",20,2.01434165782838,1021.32032520729,"Q43",1.29420593022235,"None"
"318",4193,"B218",3,0.1966,34.4351,29.964,"1606",20,3.02151926043428,1021.32792028081,"Q43",1.29420593022235,"None"
"319",4194,"B218",4,0.2033,34.4357,29.9623,"1606",20,4.02870137896025,1021.33325320966,"Q43",1.29420593022235,"None"
"320",4195,"B218",5,0.2027,34.4388,29.9572,"1606",20,5.03588801343141,1021.34161794121,"Q43",1.29420593022235,"None"
"321",4211,"B219",2,0.3158,33.2573,30.5095,"1606",10,2.01434165782838,1020.25498183596,"Q44",0.00984787274683185,"None"
"322",4212,"B219",3,0.3083,33.263,30.4807,"1606",10,3.02151926043428,1020.27343762312,"Q44",0.00984787274683185,"None"
"323",4213,"B219",4,0.3466,33.264,30.4745,"1606",10,4.02870137896025,1020.28061934712,"Q44",0.00984787274683185,"None"
"324",4214,"B219",5,0.3408,33.2584,30.5034,"1606",10,5.03588801343141,1020.27081732997,"Q44",0.00984787274683185,"None"
"325",4220,"B220",1,10.1867,20.8998,31.2986,"1606",6,1.00716857101695,1010.76972113905,"Q45",4.87951880576543,"None"
"326",4221,"B220",2,10.0558,20.7555,31.3437,"1606",6,2.01434165782838,1010.65173518198,"Q45",4.87951880576543,"None"
"327",4222,"B220",3,9.5809,21.2884,31.18,"1606",6,3.02151926043428,1011.10700292006,"Q45",4.87951880576543,"None"
"328",4223,"B220",4,5.2403,25.92,30.363,"1606",6,4.02870137896025,1014.83255088395,"Q45",4.87951880576543,"None"
"329",4224,"B220",5,3.3051,26.933,30.2844,"1606",6,5.03588801343141,1015.61873269085,"Q45",4.87951880576543,"None"
